-- phpMyAdmin SQL Dump
-- version 5.2.1
-- https://www.phpmyadmin.net/
--
-- Host: 127.0.0.1
-- Generation Time: Aug 29, 2023 at 07:43 AM
-- Server version: 10.4.28-MariaDB
-- PHP Version: 8.1.17

SET SQL_MODE = "NO_AUTO_VALUE_ON_ZERO";
START TRANSACTION;
SET time_zone = "+00:00";


/*!40101 SET @OLD_CHARACTER_SET_CLIENT=@@CHARACTER_SET_CLIENT */;
/*!40101 SET @OLD_CHARACTER_SET_RESULTS=@@CHARACTER_SET_RESULTS */;
/*!40101 SET @OLD_COLLATION_CONNECTION=@@COLLATION_CONNECTION */;
/*!40101 SET NAMES utf8mb4 */;

--
-- Database: `db_primaflora`
--

-- --------------------------------------------------------

--
-- Table structure for table `cart`
--

CREATE TABLE `cart` (
  `idcart` int(11) NOT NULL,
  `orderid` varchar(100) NOT NULL,
  `userid` int(11) NOT NULL,
  `tglorder` timestamp NOT NULL DEFAULT current_timestamp(),
  `status` varchar(10) NOT NULL DEFAULT 'Cart'
) ENGINE=InnoDB DEFAULT CHARSET=utf8mb4 COLLATE=utf8mb4_general_ci;

--
-- Dumping data for table `cart`
--

INSERT INTO `cart` (`idcart`, `orderid`, `userid`, `tglorder`, `status`) VALUES
(10, '15wKVT0nej25Y', 2, '2020-03-16 12:10:42', 'Selesai'),
(11, '15Swf8Ye0Fm.M', 2, '2020-03-16 12:17:34', 'Cart'),
(12, '15PzF03ejd8W2', 1, '2020-05-13 02:40:48', 'Confirmed'),
(13, '16bldTbdCcbR.', 3, '2023-03-28 18:53:25', 'Payment'),
(14, '16dzjQ8pxCwhU', 3, '2023-03-28 18:54:06', 'Payment'),
(15, '16odroktheT2c', 4, '2023-08-28 10:40:22', 'Confirmed'),
(16, '16XLam8PFKAPI', 4, '2023-08-28 11:39:47', 'Cart');

-- --------------------------------------------------------

--
-- Table structure for table `detailorder`
--

CREATE TABLE `detailorder` (
  `detailid` int(11) NOT NULL,
  `orderid` varchar(100) NOT NULL,
  `idproduk` int(11) NOT NULL,
  `qty` int(11) NOT NULL
) ENGINE=InnoDB DEFAULT CHARSET=utf8mb4 COLLATE=utf8mb4_general_ci;

--
-- Dumping data for table `detailorder`
--

INSERT INTO `detailorder` (`detailid`, `orderid`, `idproduk`, `qty`) VALUES
(13, '15wKVT0nej25Y', 1, 100),
(14, '15PzF03ejd8W2', 2, 1),
(15, '16bldTbdCcbR.', 1, 1),
(16, '16dzjQ8pxCwhU', 1, 1),
(17, '16odroktheT2c', 1, 1),
(18, '16odroktheT2c', 2, 1),
(19, '16XLam8PFKAPI', 3, 1),
(20, '16XLam8PFKAPI', 2, 2);

-- --------------------------------------------------------

--
-- Table structure for table `kategori`
--

CREATE TABLE `kategori` (
  `idkategori` int(11) NOT NULL,
  `namakategori` varchar(20) NOT NULL,
  `tgldibuat` timestamp NOT NULL DEFAULT current_timestamp()
) ENGINE=InnoDB DEFAULT CHARSET=utf8mb4 COLLATE=utf8mb4_general_ci;

--
-- Dumping data for table `kategori`
--

INSERT INTO `kategori` (`idkategori`, `namakategori`, `tgldibuat`) VALUES
(1, 'Bunga Tangkai', '2019-12-20 07:28:34'),
(2, 'Bunga Papan', '2019-12-20 07:34:17'),
(3, 'Bunga Hidup', '2020-03-16 12:15:40');

-- --------------------------------------------------------

--
-- Table structure for table `konfirmasi`
--

CREATE TABLE `konfirmasi` (
  `idkonfirmasi` int(11) NOT NULL,
  `orderid` varchar(100) NOT NULL,
  `userid` int(11) NOT NULL,
  `payment` varchar(10) NOT NULL,
  `namarekening` varchar(25) NOT NULL,
  `tglbayar` date NOT NULL,
  `tglsubmit` timestamp NOT NULL DEFAULT current_timestamp()
) ENGINE=InnoDB DEFAULT CHARSET=utf8mb4 COLLATE=utf8mb4_general_ci;

--
-- Dumping data for table `konfirmasi`
--

INSERT INTO `konfirmasi` (`idkonfirmasi`, `orderid`, `userid`, `payment`, `namarekening`, `tglbayar`, `tglsubmit`) VALUES
(1, '15PzF03ejd8W2', 1, 'Bank BCA', 'Admin', '2020-05-16', '2020-05-13 02:41:51'),
(2, '16odroktheT2c', 4, 'Bank BCA', 'user', '2023-08-28', '2023-08-28 10:42:38');

-- --------------------------------------------------------

--
-- Table structure for table `login`
--

CREATE TABLE `login` (
  `userid` int(11) NOT NULL,
  `namalengkap` varchar(50) NOT NULL,
  `email` varchar(50) NOT NULL,
  `password` varchar(150) NOT NULL,
  `notelp` varchar(15) NOT NULL,
  `alamat` varchar(100) NOT NULL,
  `tgljoin` timestamp NOT NULL DEFAULT current_timestamp(),
  `role` varchar(7) NOT NULL DEFAULT 'Member',
  `lastlogin` timestamp NULL DEFAULT NULL
) ENGINE=InnoDB DEFAULT CHARSET=utf8mb4 COLLATE=utf8mb4_general_ci;

--
-- Dumping data for table `login`
--

INSERT INTO `login` (`userid`, `namalengkap`, `email`, `password`, `notelp`, `alamat`, `tgljoin`, `role`, `lastlogin`) VALUES
(1, 'Admin', 'admin', '$2y$10$GJVGd4ji3QE8ikTBzNyA0uLQhiGd6MirZeSJV1O6nUpjSVp1eaKzS', '01234567890', 'Indonesia', '2020-03-16 11:31:17', 'Admin', NULL),
(2, 'Guest', 'guest', '$2y$10$xXEMgj5pMT9EE0QAx3QW8uEn155Je.FHH5SuIATxVheOt0Z4rhK6K', '01234567890', 'Indonesia', '2020-03-16 11:30:40', 'Member', NULL),
(3, 'agung saputra', 'agung.dni19@gmail.com', '$2y$10$6V37t2jsOVtfZwzGOm7UeOQuJstiTPRUuMV2F47IDTZWnNIGfPUK2', '084502526396', 'jl. jambu raya', '2023-03-28 18:53:08', 'Member', NULL),
(4, 'user 1 ', 'user@gmail.com', '$2y$10$Y9ilu8G8mezyTvQCLHcu5.2Z4AyllHv2dWryisqc/S4tY14VP0TOG', '084455556666', 'jl. scorpio no.18 , Rajabasa . bandar Lampung', '2023-08-28 10:39:45', 'Member', NULL);

-- --------------------------------------------------------

--
-- Table structure for table `pembayaran`
--

CREATE TABLE `pembayaran` (
  `no` int(11) NOT NULL,
  `metode` varchar(25) NOT NULL,
  `norek` varchar(25) NOT NULL,
  `logo` text DEFAULT NULL,
  `an` varchar(20) NOT NULL
) ENGINE=InnoDB DEFAULT CHARSET=utf8mb4 COLLATE=utf8mb4_general_ci;

--
-- Dumping data for table `pembayaran`
--

INSERT INTO `pembayaran` (`no`, `metode`, `norek`, `logo`, `an`) VALUES
(1, 'Bank BCA', '13131231231', 'images/bca.jpg', 'khoerul luthfi'),
(2, 'Bank Mandiri', '943248844843', 'images/mandiri.jpg', 'khoerul luthfi'),
(3, 'DANA', '0882313132123', 'images/dana.png', 'khoerul luthfi');

-- --------------------------------------------------------

--
-- Table structure for table `produk`
--

CREATE TABLE `produk` (
  `idproduk` int(11) NOT NULL,
  `idkategori` int(11) NOT NULL,
  `namaproduk` varchar(30) NOT NULL,
  `gambar` varchar(100) NOT NULL,
  `deskripsi` varchar(200) NOT NULL,
  `rate` int(11) NOT NULL,
  `hargabefore` int(11) NOT NULL,
  `hargaafter` int(11) NOT NULL,
  `tgldibuat` timestamp NOT NULL DEFAULT current_timestamp()
) ENGINE=InnoDB DEFAULT CHARSET=utf8mb4 COLLATE=utf8mb4_general_ci;

--
-- Dumping data for table `produk`
--

INSERT INTO `produk` (`idproduk`, `idkategori`, `namaproduk`, `gambar`, `deskripsi`, `rate`, `hargabefore`, `hargaafter`, `tgldibuat`) VALUES
(1, 1, 'Mawar Merah', 'produk/7443a12318c5f4f29059d243fd14f447.png', 'Setangkai mawar merah', 5, 23000, 19000, '2019-12-20 09:10:26'),
(2, 1, 'Mawar Putih', 'produk/15kwuDMbYtraw.png', 'Setangkai mawar putih', 4, 24000, 19500, '2019-12-20 09:24:13'),
(3, 3, 'Bunga Hidup', 'produk/15Ak7lFMfvuJc.jpg', 'Bunga Hidup', 5, 25000, 15000, '2020-03-16 12:16:53');

--
-- Indexes for dumped tables
--

--
-- Indexes for table `cart`
--
ALTER TABLE `cart`
  ADD PRIMARY KEY (`idcart`),
  ADD UNIQUE KEY `orderid` (`orderid`),
  ADD KEY `orderid_2` (`orderid`);

--
-- Indexes for table `detailorder`
--
ALTER TABLE `detailorder`
  ADD PRIMARY KEY (`detailid`),
  ADD KEY `orderid` (`orderid`),
  ADD KEY `idproduk` (`idproduk`);

--
-- Indexes for table `kategori`
--
ALTER TABLE `kategori`
  ADD PRIMARY KEY (`idkategori`);

--
-- Indexes for table `konfirmasi`
--
ALTER TABLE `konfirmasi`
  ADD PRIMARY KEY (`idkonfirmasi`),
  ADD KEY `userid` (`userid`);

--
-- Indexes for table `login`
--
ALTER TABLE `login`
  ADD PRIMARY KEY (`userid`);

--
-- Indexes for table `pembayaran`
--
ALTER TABLE `pembayaran`
  ADD PRIMARY KEY (`no`);

--
-- Indexes for table `produk`
--
ALTER TABLE `produk`
  ADD PRIMARY KEY (`idproduk`),
  ADD KEY `idkategori` (`idkategori`);

--
-- AUTO_INCREMENT for dumped tables
--

--
-- AUTO_INCREMENT for table `cart`
--
ALTER TABLE `cart`
  MODIFY `idcart` int(11) NOT NULL AUTO_INCREMENT, AUTO_INCREMENT=17;

--
-- AUTO_INCREMENT for table `detailorder`
--
ALTER TABLE `detailorder`
  MODIFY `detailid` int(11) NOT NULL AUTO_INCREMENT, AUTO_INCREMENT=21;

--
-- AUTO_INCREMENT for table `kategori`
--
ALTER TABLE `kategori`
  MODIFY `idkategori` int(11) NOT NULL AUTO_INCREMENT, AUTO_INCREMENT=4;

--
-- AUTO_INCREMENT for table `konfirmasi`
--
ALTER TABLE `konfirmasi`
  MODIFY `idkonfirmasi` int(11) NOT NULL AUTO_INCREMENT, AUTO_INCREMENT=3;

--
-- AUTO_INCREMENT for table `login`
--
ALTER TABLE `login`
  MODIFY `userid` int(11) NOT NULL AUTO_INCREMENT, AUTO_INCREMENT=5;

--
-- AUTO_INCREMENT for table `pembayaran`
--
ALTER TABLE `pembayaran`
  MODIFY `no` int(11) NOT NULL AUTO_INCREMENT, AUTO_INCREMENT=4;

--
-- AUTO_INCREMENT for table `produk`
--
ALTER TABLE `produk`
  MODIFY `idproduk` int(11) NOT NULL AUTO_INCREMENT, AUTO_INCREMENT=4;

--
-- Constraints for dumped tables
--

--
-- Constraints for table `detailorder`
--
ALTER TABLE `detailorder`
  ADD CONSTRAINT `idproduk` FOREIGN KEY (`idproduk`) REFERENCES `produk` (`idproduk`) ON DELETE CASCADE ON UPDATE CASCADE,
  ADD CONSTRAINT `orderid` FOREIGN KEY (`orderid`) REFERENCES `cart` (`orderid`) ON DELETE CASCADE ON UPDATE CASCADE;

--
-- Constraints for table `konfirmasi`
--
ALTER TABLE `konfirmasi`
  ADD CONSTRAINT `userid` FOREIGN KEY (`userid`) REFERENCES `login` (`userid`) ON DELETE CASCADE ON UPDATE CASCADE;

--
-- Constraints for table `produk`
--
ALTER TABLE `produk`
  ADD CONSTRAINT `idkategori` FOREIGN KEY (`idkategori`) REFERENCES `kategori` (`idkategori`) ON DELETE CASCADE ON UPDATE CASCADE;
COMMIT;

/*!40101 SET CHARACTER_SET_CLIENT=@OLD_CHARACTER_SET_CLIENT */;
/*!40101 SET CHARACTER_SET_RESULTS=@OLD_CHARACTER_SET_RESULTS */;
/*!40101 SET COLLATION_CONNECTION=@OLD_COLLATION_CONNECTION */;
